seriesid,foo
1.2.826.0.1.3680043.2.1125.1.78969117856457473538394301521877227,1
